entry_bar,exit_bar,dir,entry,exit,size,pnl_dollar,pnl_r,window,class
317,328,1,111.897366,123.0850438,50.05507037,560.000000,5.000000,-1,1
318,344,1,115.157051,128.0895642,43.30171486,560.000000,5.000000,-1,1
344,368,1,128.3169615,139.1108498,72.11488375,778.400000,5.000000,-1,1
345,378,1,130.0554456,141.4736508,75.03806272,856.800000,5.000000,-1,1
369,391,1,138.6662895,151.6940677,74.13205731,965.776000,5.000000,-1,1
379,395,1,143.2337544,155.5646174,88.04963601,1085.728000,5.000000,-1,1
395,414,1,155.7783712,169.3279094,90.10909572,1220.936640,5.000000,-1,1
396,425,1,155.3556613,177.8639386,104.2823892,2347.216936,8.548150,-1,1
415,437,1,172.1469113,187.9889702,97.45385407,1543.869690,5.000000,-1,1
438,443,1,190.4812832,186.7921884,113.232212,-417.724363,-1.000000,-1,-1
450,460,1,192.842888,192.842888,45.53059873,0.000000,0.000000,-1,0
473,478,1,198.9539714,195.8203783,64.78634365,-203.014041,-1.000000,-1,-1
434,489,1,183.026608,199.9839971,110.4226628,1872.480061,5.000000,-1,1
489,492,1,199.4712336,199.4712336,46.81802593,0.000000,0.000000,-1,0
490,492,1,201.5042791,198.0351353,104.4114989,-362.218504,-1.000000,-1,-1
512,520,1,206.343076,206.343076,47.31393029,0.000000,0.000000,-1,0
513,520,1,207.1243599,207.1243599,48.33439512,0.000000,0.000000,-1,0
530,574,1,215.3120016,237.058528,61.06230525,1327.893035,5.000000,-1,1
529,585,1,213.2254421,250.6033809,61.90582602,2313.912173,8.712720,-1,1
575,605,1,241.7875982,267.7831144,73.82996559,1919.248067,5.000000,-1,1
606,620,1,267.8609875,290.3416835,133.0787321,2991.702517,5.000000,-1,1
604,624,1,266.111233,290.8370343,118.6450747,2933.594546,5.386680,-1,1
621,628,1,291.1587538,286.2556087,139.1164562,-682.108174,-1.000000,-1,-1
635,646,1,296.4305488,321.1223946,60.35594093,1490.299585,5.000000,-1,1
636,646,1,297.5485889,321.8994736,61.20104476,1490.299585,5.000000,-1,1
647,651,1,321.4271876,314.6436659,122.14991,-828.606569,-1.000000,-1,-1
648,651,1,322.602969,315.9768201,125.0510032,-828.606569,-1.000000,-1,-1
662,666,1,331.402674,331.402674,41.68692561,0.000000,0.000000,-1,0
663,666,1,331.407307,331.407307,42.99610717,0.000000,0.000000,-1,0
685,712,1,342.8549243,374.697979,73.6931122,2346.613803,5.000000,-1,1
713,733,1,375.7063993,375.7063993,99.05433224,0.000000,0.000000,-1,0
686,755,1,351.7470513,388.2507873,64.28420921,2346.613803,5.000000,-1,1
755,786,1,385.7477025,427.9973643,90.31064111,3815.594044,5.000000,-1,1
756,786,1,388.1450617,429.2446713,111.14643,4568.074871,5.000000,-1,1
787,808,1,428.0889934,461.6903078,170.879878,5741.788519,5.000000,-1,1
788,808,1,430.1225054,463.3522755,172.7904977,5741.788519,5.000000,-1,1
811,823,1,466.9891004,512.4388151,161.7059503,7349.489304,5.000000,-1,1
812,828,1,471.9293396,539.7338147,158.9328583,10776.359022,7.331366,-1,1
824,854,1,514.8382839,586.8627912,168.7725763,12155.761659,7.254211,-1,1
855,874,1,592.1654542,652.9077911,190.7880943,11588.914702,5.000000,-1,1
829,874,1,542.8274671,647.0422067,161.2642226,16806.108967,8.499001,-1,1
882,892,1,668.7492354,725.2617195,275.4120306,15564.218016,5.000000,-1,1
883,892,1,669.1206675,723.1806769,287.9063134,15564.218016,5.000000,-1,1
893,918,1,719.7046186,797.7499102,255.264586,19922.199060,5.000000,-1,1
894,931,1,729.7784184,811.7177238,243.1336092,19922.199060,5.000000,-1,1
943,968,1,822.538019,901.2384092,324.0189119,25500.414797,5.000000,-1,1
944,968,1,824.7681917,900.7101878,335.7880505,25500.414797,5.000000,-1,1
969,969,1,905.5119546,890.9442039,448.120394,-6528.106188,-1.000000,-1,-1
979,993,1,951.8620005,932.2386565,129.3422609,-2538.127686,-1.000000,-1,-1
976,994,1,938.5959468,917.154265,118.3735359,-2538.127686,-1.000000,-1,-1
1008,1041,1,927.0707849,1120.04787,106.3573571,20524.532730,8.271773,-1,1
1009,1041,1,937.0878094,1119.924437,105.5595024,19300.143410,7.778321,-1,1
1057,1062,1,1168.157778,1168.157778,350.2562455,0.000000,0.000000,-1,0
1058,1062,1,1170.741299,1170.741299,355.4782081,0.000000,0.000000,-1,0
1073,1073,1,1225.912881,1197.698299,259.379176,-7318.274996,-1.000000,-1,-1
1072,1086,1,1215.348386,1354.708303,262.5674282,36591.374981,5.000000,-1,1
1087,1096,1,1339.139577,1339.139577,196.3631415,0.000000,0.000000,-1,0
1080,1116,1,1268.061919,1425.176131,90.55022094,14226.726593,5.000000,-1,1
1117,1120,1,1455.832084,1455.832084,207.7944847,0.000000,0.000000,-1,0
1115,1128,1,1406.263234,1597.815384,191.1784755,36620.648081,5.000000,-1,1
1129,1179,1,1602.797376,2456.508344,187.6590281,160206.570450,16.755121,-1,1
1126,1179,1,1576.382408,2456.223711,166.2083265,146236.950601,17.131247,-1,1
1185,1208,1,2599.276177,2990.479523,231.8751494,90710.334381,5.000000,-1,1
1186,1210,1,2617.94318,2999.691661,237.6180625,90710.334381,5.000000,-1,1
1209,1214,1,2990.068992,2922.193652,304.7050145,-20681.956239,-1.000000,-1,-1
1230,1237,1,3012.097387,3012.097387,122.7194863,0.000000,0.000000,-1,0
1231,1255,1,3053.788499,2976.591914,117.3251428,-9057.100331,-1.000000,-1,-1
1338,1359,-1,2327.290233,2073.041061,176.1197635,44778.304035,5.000000,-1,1
1339,1359,-1,2320.797249,2077.944175,184.3843415,44778.304035,5.000000,-1,1
1368,1451,-1,2045.385287,1805.103498,518.0737412,124483.685218,5.000000,-1,1
1369,1451,-1,2036.859462,1803.275119,532.9282059,124483.685218,5.000000,-1,1
1452,1497,-1,1784.272517,1588.246264,812.8458032,159339.117079,5.000000,-1,1
1453,1510,-1,1791.160307,1530.029289,830.684073,216917.377139,6.806784,-1,1
1498,1519,-1,1565.213666,1565.213666,1233.57306,-0.000000,-0.000000,-1,0
1545,1549,-1,1565.437349,1565.437349,1295.281829,-0.000000,-0.000000,-1,0
1556,1577,-1,1502.480506,1502.480506,1308.978127,-0.000000,-0.000000,-1,0
1597,1600,-1,1484.22052,1507.865935,1793.286578,-42403.005254,-1.000000,-1,-1
1607,1612,-1,1441.474389,1472.980323,523.2756628,-16486.288443,-1.000000,-1,-1
1546,1636,-1,1540.668651,1395.44573,1235.091598,179363.609847,4.229974,-1,0
1639,1668,-1,1359.404311,1222.653305,836.8546497,114440.715265,5.000000,-1,1
1670,1701,-1,1197.214726,1062.868526,1458.340502,195922.504534,5.000000,-1,1
1640,1708,-1,1341.618221,1034.976281,808.8213059,248018.533933,10.836114,-1,1
1706,1713,-1,1022.940704,1044.677925,2505.67708,-54466.456260,-1.000000,-1,-1
1721,1733,-1,990.4568026,990.4568026,1079.615692,-0.000000,-0.000000,-1,0
1720,1737,-1,1003.116846,1003.116846,1094.470131,-0.000000,-0.000000,-1,0
1744,1751,-1,968.8257342,988.2526175,1849.578647,-35931.548661,-1.000000,-1,-1
1745,1751,-1,961.9903336,981.207098,1869.802216,-35931.548661,-1.000000,-1,-1
1828,1831,1,1202.438276,1175.889924,871.974999,-23149.499084,-1.000000,-1,-1
1829,1831,1,1202.410536,1177.473567,928.3204794,-23149.499084,-1.000000,-1,-1
1841,1844,-1,1106.456802,1129.700087,973.6554135,-22630.950305,-1.000000,-1,-1
1852,1857,-1,1087.538556,1087.538556,1003.595205,-0.000000,-0.000000,-1,0
1853,1858,-1,1071.245135,1094.855524,947.7812498,-22377.483661,-1.000000,-1,-1
1868,1913,-1,1061.372582,956.2769788,1052.701311,110634.279221,5.000000,-1,1
1867,1948,-1,1060.758344,952.2578767,1019.66638,110634.279221,5.000000,-1,1
1955,1976,-1,934.6173481,934.6173481,3149.623585,-0.000000,-0.000000,-1,0
1935,1980,-1,995.0606405,995.0606405,1795.244589,-0.000000,-0.000000,-1,0
1995,2018,1,1102.024827,1102.024827,2596.760382,0.000000,0.000000,-1,0
2029,2037,1,1144.781593,1122.509267,2761.842611,-61512.659247,-1.000000,-1,-1
1990,2045,1,1075.383828,1189.811657,2687.836492,307563.296234,5.000000,-1,1
2046,2049,1,1183.293974,1160.154465,2364.858343,-54721.661666,-1.000000,-1,-1
2044,2049,1,1164.637531,1164.637531,1101.994935,0.000000,0.000000,-1,0
2056,2071,1,1196.60724,1307.094272,1513.07057,167174.676390,5.000000,-1,1
2061,2077,1,1226.151894,1342.782157,1433.373059,167174.676390,5.000000,-1,1
2079,2082,1,1366.955532,1342.128695,3070.534166,-76231.652434,-1.000000,-1,-1
2072,2098,1,1316.880281,1436.958417,2568.996529,308480.314452,5.389186,-1,1
2091,2099,1,1385.11606,1520.305526,1096.197335,148194.332331,5.000000,-1,1
2099,2136,1,1511.553925,1698.751306,1961.313283,367152.709755,5.547145,-1,1
2100,2136,1,1520.90081,1699.273276,2632.774645,469614.504903,5.405071,-1,1
2138,2175,1,1723.84556,1896.443585,3195.677885,551567.691429,5.000000,-1,1
2139,2175,1,1725.373316,1890.356546,3343.174289,551567.691429,5.000000,-1,1
2177,2181,1,1903.337879,1903.337879,4381.184039,0.000000,0.000000,-1,0
2178,2182,1,1921.955541,1888.046542,4164.125617,-141201.329006,-1.000000,-1,-1
2192,2201,1,1942.006531,2121.372336,1530.366301,274495.383587,5.000000,-1,1
2191,2202,1,1940.440455,2126.679259,1473.889317,274495.383587,5.000000,-1,1
2203,2208,1,2095.97538,2095.97538,3130.434054,0.000000,0.000000,-1,0
2202,2222,1,2121.93466,2074.945184,2467.506777,-115946.850027,-1.000000,-1,-1
2242,2250,1,2111.884508,2111.884508,1560.370783,0.000000,0.000000,-1,0
2257,2258,1,2166.385938,2132.257275,2188.379379,-74686.460737,-1.000000,-1,-1
2241,2285,1,2089.864084,2333.879939,1611.137527,393143.101248,6.579892,-1,1
2278,2300,1,2246.065311,2456.306898,1401.071055,294563.401146,5.000000,-1,1
2286,2307,1,2344.440537,2585.299141,3045.936051,733639.903129,5.793490,-1,1
2301,2313,1,2457.509749,2672.361575,4645.620937,998120.142512,5.993366,-1,1
2314,2316,1,2697.110932,2645.060184,4131.098452,-215026.763918,-1.000000,-1,-1
2308,2327,1,2577.454353,2815.511334,3929.298752,935396.999639,5.000000,-1,1
2328,2334,1,2818.058251,2818.058251,3813.2055,0.000000,0.000000,-1,0
2323,2369,1,2734.324771,2990.806687,1629.791437,418012.029057,5.000000,-1,1
2367,2381,1,2939.502249,3159.745459,4805.537873,1058387.087333,5.000000,-1,1
2370,2383,1,2982.770195,3211.483179,5397.626823,1234507.336660,5.000000,-1,1
2382,2404,1,3182.748988,3420.337287,5819.843427,1382726.699636,5.000163,-1,1
2385,2430,1,3258.661529,3517.57666,6007.808616,1555512.556019,5.000000,-1,1
2423,2431,1,3486.397153,3421.078157,5355.545584,-349818.858794,-1.000000,-1,-1
2438,2455,1,3546.409744,3897.365291,2185.908072,767156.564632,5.000000,-1,1
2439,2458,1,3634.873028,4033.055856,1926.644021,767156.564632,5.000000,-1,1
2456,2476,1,3921.394484,4332.763512,3938.640375,1620234.664502,5.000000,-1,1
2477,2480,1,4312.631527,4312.631527,6197.957215,0.000000,0.000000,-1,0
2459,2499,1,4067.999811,4067.999811,4827.078686,0.000000,0.000000,-1,0
2508,2518,1,4197.944355,4197.944355,5839.547692,0.000000,0.000000,-1,0
2509,2518,1,4204.302707,4204.302707,6110.722481,0.000000,0.000000,-1,0
2541,2552,1,4270.369594,4270.369594,6571.416991,0.000000,0.000000,-1,0
2559,2563,1,4445.305529,4366.148039,5961.604089,-471905.620541,-1.000000,-1,-1
2542,2564,1,4292.368479,4292.368479,6687.726447,0.000000,0.000000,-1,0
2606,2627,1,4461.385116,4892.531676,2659.723547,1146730.657915,5.000000,-1,1
2607,2629,1,4449.013565,4883.4894,2734.086448,1187894.489943,5.179483,-1,1
2636,2640,1,5066.841674,4982.704775,6228.67932,-524061.767306,-1.000000,-1,-1
2637,2640,1,5060.082714,4979.854632,6532.148732,-524061.767306,-1.000000,-1,-1
2652,2672,1,5020.353505,5483.003182,2138.613008,989428.616674,5.000000,-1,1
2653,2687,1,5055.777074,5558.063771,2119.39938,1064546.116011,5.379600,-1,1
2681,2695,1,5500.755566,6041.053476,3867.631536,2089673.238416,5.000000,-1,1
2691,2713,1,5629.519073,6345.19599,5103.866315,3652719.309197,6.614542,-1,1
2696,2719,1,6029.36924,6724.01622,4396.020344,3053682.257640,5.000000,-1,1
2714,2727,1,6482.711936,7189.607445,5043.267239,3565062.960927,5.000000,-1,1
2728,2734,1,7229.819241,7084.067155,6163.462111,-898337.458305,-1.000000,-1,-1
2720,2742,1,6805.18696,7517.885081,5602.061182,3992578.476997,5.000000,-1,1
2741,2769,1,7557.039531,8338.072784,2235.971401,1746368.018946,5.000000,-1,1
2743,2771,1,7535.201228,8306.855104,5200.605927,4013067.719198,5.092849,-1,1
2773,2801,1,8424.677064,8424.677064,6570.813895,0.000000,0.000000,-1,0
2770,2804,1,8395.52357,8395.52357,5913.302253,0.000000,0.000000,-1,0
2856,2857,1,8803.03231,8593.550874,5471.799458,-1146240.407497,-1.000000,-1,-1
3122,3147,1,8348.164525,9155.955937,2758.498444,2228291.352174,5.000000,-1,1
3121,3163,1,8309.802491,10213.03283,2679.392244,5099500.602209,11.442625,-1,1
3148,3163,1,9234.493418,10199.21875,5058.677464,4880234.282103,5.184953,-1,1
3172,3172,1,10724.7842,10528.87784,7431.971253,-1455970.410708,-1.000000,-1,-1
3171,3199,1,10699.53296,11717.09998,7154.174494,7279852.053542,5.000000,-1,1
3179,3202,1,10903.07879,11937.23686,2736.918614,2830406.478417,5.000000,-1,1
3203,3216,1,12014.96167,13037.98836,8300.323395,8491452.390517,5.000000,-1,1
3200,3217,1,11838.17173,12924.46029,6040.216413,6561417.959664,5.065827,-1,1
3217,3217,1,13034.79633,12801.19228,8287.746474,-1936051.145038,-1.000000,-1,-1
3227,3255,1,13315.00877,14722.92581,2934.20898,4131122.831695,5.000000,-1,1
3228,3260,1,13523.44289,14984.00087,2828.455212,4131122.831695,5.000000,-1,1
3256,3277,1,14941.20614,16474.11405,5691.751842,8724931.420540,5.000000,-1,1
3265,3282,1,15466.3766,16906.33929,7975.568761,11484521.472112,5.000000,-1,1
3281,3292,1,16770.72272,18068.94266,9787.256778,12706011.870987,5.000000,-1,1
3283,3298,1,17147.12521,18617.88801,9732.259273,14313844.877083,5.000000,-1,1
3293,3300,1,18059.03623,18059.03623,9453.657443,0.000000,0.000000,-1,0
3313,3317,1,18823.31594,18515.11535,11743.40724,-3619324.964363,-1.000000,-1,-1
3324,3337,1,19354.33877,21162.0731,3892.147008,7035967.730721,5.000000,-1,1
3325,3341,1,19647.4449,21546.33446,3705.306452,7035967.730721,5.000000,-1,1
3338,3352,1,21214.4319,23338.15477,6997.129465,14859963.847282,5.000000,-1,1
3342,3359,1,21633.53367,23767.05204,9167.950278,19559990.291404,5.000000,-1,1
3361,3365,1,24374.24625,23861.93783,9517.229465,-4875756.774164,-1.000000,-1,-1
3353,3379,1,23270.51101,25733.3593,8786.730916,21640385.230023,5.000000,-1,1
3372,3400,1,25030.07445,27445.49901,3924.142909,9478471.168975,5.000000,-1,1
3380,3407,1,25810.03231,27883.48759,10311.6116,21380665.483712,5.000000,-1,1
3408,3436,1,27971.16432,27971.16432,14288.39556,0.000000,0.000000,-1,0
3407,3436,1,27839.37556,27839.37556,12853.76213,0.000000,0.000000,-1,0
3474,3511,1,30773.14237,30773.14237,11908.55624,0.000000,0.000000,-1,0
3447,3530,1,29274.91026,32485.81948,9668.946981,31046110.986016,5.000000,-1,1
3531,3536,1,33066.37706,33066.37706,10334.17426,0.000000,0.000000,-1,0
3528,3560,1,32192.8346,35493.47722,9406.080741,31046110.986016,5.000000,-1,1
3556,3600,1,34613.16071,39750.70987,11452.99512,58840325.448815,8.312526,-1,1
3561,3600,1,35452.90849,39747.02072,12750.77517,54753259.524662,6.889105,-1,1
3602,3624,1,40916.0331,44677.69185,14791.91167,55642123.958388,5.000000,-1,1
3603,3624,1,41312.32865,45121.83804,14606.11282,55642123.958388,5.000000,-1,1
3651,3674,1,45770.82929,45770.82929,12855.06061,0.000000,0.000000,-1,0
3652,3674,1,45540.03316,45540.03316,13004.89823,0.000000,0.000000,-1,0
3682,3684,1,47373.75402,46460.66304,15600.18008,-14244383.733347,-1.000000,-1,-1
3683,3684,1,47550.3219,46670.37155,16187.71295,-14244383.733347,-1.000000,-1,-1
3702,3731,1,48648.9596,48648.9596,5163.290045,0.000000,0.000000,-1,0
3703,3732,1,48481.97601,48481.97601,5267.831406,0.000000,0.000000,-1,0
3743,3757,1,50439.53715,55712.53378,9978.929338,52618860.784141,6.521906,-1,1
3744,3757,1,50855.19241,55703.46125,9821.485983,47617204.486798,5.901970,-1,1
3759,3770,1,55791.31246,55791.31246,12906.93805,0.000000,0.000000,-1,0
3758,3782,1,55140.70047,61274.35445,13249.28674,81266540.359330,5.000000,-1,1
3801,3809,1,63473.81384,63473.81384,14237.12021,0.000000,0.000000,-1,0
3777,3816,1,59627.15053,66053.42207,12645.98607,81266540.359330,5.000000,-1,1
3817,3836,1,66325.15899,66325.15899,15829.27118,0.000000,0.000000,-1,0
3816,3838,1,65985.20836,65985.20836,13613.77133,0.000000,0.000000,-1,0
3868,3871,1,63740.93548,62475.40555,16439.14841,-20804234.331989,-1.000000,-1,-1
3889,3893,1,64659.10842,64659.10842,5790.55876,0.000000,0.000000,-1,0
3888,3895,1,63887.55211,63887.55211,5902.47409,0.000000,0.000000,-1,0
3939,3971,1,67628.61967,74199.36007,9232.619712,60665147.312079,5.000000,-1,1
3986,3991,1,76469.46869,76469.46869,12874.95984,0.000000,0.000000,-1,0
3940,3991,1,69509.23199,76861.02488,8251.748681,60665147.312079,5.000000,-1,1
4044,4047,-1,64150.75115,65353.27171,19641.21435,-23618964.020169,-1.000000,-1,-1
4069,4071,-1,64024.76971,64024.76971,7450.7824,-0.000000,-0.000000,-1,0
4068,4096,-1,64574.48852,58404.28552,7441.451454,45915266.055209,5.000000,-1,1
4116,4118,-1,56981.3525,57841.94176,22536.42843,-19394608.381720,-1.000000,-1,-1
4129,4151,-1,58360.65097,52583.01972,9357.753973,54065651.814631,5.703077,-1,1
4077,4151,-1,61721.96646,52777.72106,8889.917649,79513605.063600,6.926986,-1,1
4176,4208,-1,50912.54345,45651.85332,26080.63766,137202153.175264,5.000000,-1,1
4175,4227,-1,51574.37674,41711.57452,26917.05335,265477573.597588,9.674687,-1,1
4209,4238,-1,45045.29736,39868.85448,30215.81775,156410454.619800,5.000000,-1,1
4234,4246,-1,40290.4563,35905.70116,44147.80499,193577314.923463,5.000000,-1,1
4241,4254,-1,38700.89799,34510.4637,51420.63181,215474778.570235,5.000000,-1,1
4247,4302,-1,35942.52724,31177.34123,50905.7993,242575602.659520,5.000000,-1,1
4303,4316,-1,31087.07202,31762.1377,90866.01944,-61340531.206337,-1.000000,-1,-1
4255,4325,-1,34471.4597,30415.36223,67242.48457,272742071.659353,5.000000,-1,1
4326,4355,-1,30424.19043,30424.19043,82595.69092,-0.000000,-0.000000,-1,0
4327,4355,-1,30401.01913,30401.01913,86210.0334,-0.000000,-0.000000,-1,0
4364,4366,-1,28308.52931,29040.54927,91882.43266,-67259774.339021,-1.000000,-1,-1
4363,4430,-1,29216.41874,24645.69694,103276.9405,472050163.274133,7.018313,0,1
4393,4475,-1,27276.19299,24046.32589,41284.08038,133342092.943266,5.099007,0,1
4452,4496,-1,24972.699,24972.699,112286.6021,-0.000000,-0.000000,0,0
4538,4543,-1,24028.4389,24028.4389,190667.8778,-0.000000,-0.000000,0,0
4534,4544,-1,24554.00271,24554.00271,212708.666,-0.000000,-0.000000,0,0
4587,4598,1,29130.04884,29130.04884,97243.34664,0.000000,0.000000,0,0
4586,4609,1,28457.51946,32428.8771,103651.561,411637419.158080,5.000000,0,1
4619,4619,1,32975.93546,32056.65799,102094.6725,-93853331.568042,-1.000000,0,-1
4604,4628,1,30834.55394,35309.39686,91989.24425,411637419.158081,5.000000,0,1
4626,4633,1,34161.42284,39244.70752,35892.31925,182450876.568274,5.000000,0,1
4629,4635,1,35432.53407,40520.78374,80775.34925,411005144.082253,5.000000,0,1
4634,4642,1,40180.2608,40180.2608,78392.82522,0.000000,0.000000,0,0
4636,4642,1,41537.40898,40116.69169,84019.56876,-119368054.598778,-1.000000,0,-1
4663,4668,1,42585.33009,42585.33009,38621.22366,0.000000,0.000000,0,0
4658,4684,1,40963.35833,40963.35833,35973.34376,0.000000,0.000000,0,0
4696,4703,1,42641.66596,42641.66596,59525.31158,0.000000,0.000000,0,0
4697,4703,1,44064.93241,42754.30389,53116.07994,-69615449.442007,-1.000000,0,-1
5039,5042,-1,20358.57267,20747.10841,117442.493,-45630606.594255,-1.000000,1,-1
5038,5045,-1,20528.38965,20919.06528,116799.2141,-45630606.594254,-1.000000,1,-1
5056,5074,-1,20368.0586,18826.88377,144722.3249,223042405.032716,5.000000,1,1
5057,5074,-1,20312.33263,18791.30807,146639.5814,223042405.032716,5.000000,1,1
5080,5083,-1,18161.73171,18161.73171,399251.9377,-0.000000,-0.000000,1,0
5076,5092,-1,18468.25941,16825.73931,377503.9868,620057885.990950,5.000000,1,1
5094,5103,-1,16508.75972,16508.75972,327062.4283,-0.000000,-0.000000,1,0
5132,5150,-1,15721.14547,14094.71317,434611.3816,706865990.029683,5.000000,1,1
5087,5151,-1,17487.42753,14204.05928,329896.5936,1083172002.693366,8.734443,1,1
5151,5204,-1,13980.22519,12274.47678,512430.0582,874076759.867672,5.423475,1,1
5182,5229,-1,13255.49051,13255.49051,703889.8373,-0.000000,-0.000000,1,0
5242,5243,-1,12836.71095,13118.7172,765828.4542,-215968411.078477,-1.000000,1,-1
5260,5291,-1,13074.61534,11490.56165,335850.5869,532005361.116659,6.335772,1,1
5267,5291,-1,12773.51768,11475.56335,323464.8425,419842591.136559,5.000000,1,1
5292,5358,-1,11466.30008,8667.845501,909618.0915,2545524917.373673,10.759996,1,1
5299,5358,-1,11024.85055,8652.951431,990664.9116,2349757230.555796,9.932481,1,1
5369,5375,-1,8591.218427,8728.972304,2712380.577,-373640938.373396,-1.000000,1,-1
5382,5411,-1,8402.506445,7748.665408,1110909.141,726357984.197880,5.000000,1,1
5413,5415,-1,7642.041059,7642.041059,2278584.027,-0.000000,-0.000000,1,0
5384,5415,-1,8272.490631,7512.30172,1063145.503,808191422.559416,5.563313,1,1
5459,5461,-1,7550.715133,7550.715133,2278326.757,-0.000000,-0.000000,1,0
5493,5511,-1,6650.458736,6650.458736,2955192.254,-0.000000,-0.000000,1,0
5475,5535,-1,7247.520944,5872.809041,2195298.365,3017902790.907646,7.430579,1,1
5515,5548,-1,6415.082517,5668.964111,2721728.699,2030731877.440720,5.000000,1,1
5550,5555,-1,5606.518929,5606.518929,5083247.995,-0.000000,-0.000000,1,0
5554,5555,-1,5504.153754,5603.864747,5490950.703,-547508146.201899,-1.000000,1,-1
5582,5584,-1,5188.550257,5326.240172,1546018.582,-212871167.243298,-1.000000,1,-1
5580,5589,-1,5339.30094,5339.30094,1643255.103,-0.000000,-0.000000,1,0
5813,5839,1,6106.847799,6856.451156,1754986.555,1315543813.563581,5.000000,2,1
5812,5842,1,6051.387561,6913.154689,1736844.43,1496755436.346671,5.688733,2,1
5841,5846,1,6969.673959,6794.8057,2575894.584,-450442201.764171,-1.000000,2,-1
5854,5856,1,7012.002444,6814.167329,1197663.059,-236939809.109409,-1.000000,2,-1
5866,5874,1,7319.221828,8341.087145,1146364.786,1171430416.236918,5.000000,2,1
5855,5881,1,6955.837424,8402.592187,1219499.533,1764316757.236281,7.446266,2,1
5875,5882,1,8297.355635,8297.355635,2050054.407,0.000000,0.000000,2,0
5907,5926,1,8694.280902,9891.343829,2789812.106,3339580644.878547,5.000000,2,1
5910,5936,1,8909.421981,10423.13342,2532051.148,3832794798.455602,5.738437,2,1
5927,5948,1,9822.940492,11168.34842,2829715.697,3807121935.161544,5.000000,2,1
5943,5956,1,10833.02234,12411.90697,3088142.361,4875820509.402637,5.612503,2,1
5957,5959,1,12469.11946,12144.38523,3423923.083,-1111865029.836860,-1.000000,2,-1
5949,5964,1,11353.45149,12804.55365,3360693.968,4876710277.867942,5.000000,2,1
5967,5973,1,13008.85348,12657.80731,2774064.031,-973824557.425385,-1.000000,2,-1
5966,5982,1,12870.16668,12524.81072,2819770.53,-973824557.425387,-1.000000,2,-1
6358,6379,1,29109.20307,32062.62097,787390.4481,2325493043.131823,5.000000,3,1
6359,6380,1,28962.30928,31875.03198,798391.4973,2325493043.131823,5.000000,3,1
6380,6399,1,32010.98043,34742.47857,1798076.018,4911441307.094410,5.000000,3,1
6407,6412,1,35928.98229,35928.98229,2304201.52,0.000000,0.000000,3,0
6384,6412,1,32768.38174,36233.10346,2006344.867,6951426634.508961,5.376308,3,1
6420,6441,1,37149.1303,40385.61434,2510647.989,8125672171.730941,5.000000,3,1
6421,6474,1,37685.66789,37685.66789,2331036.051,0.000000,0.000000,3,0
6493,6520,1,38397.36468,42120.4471,2488063.714,9263266275.773264,5.000000,3,1
6496,6528,1,39148.78218,42831.66383,2515222.357,9263266275.773262,5.000000,3,1
6532,6556,1,44673.13939,44673.13939,2779913.988,0.000000,0.000000,3,0
6529,6559,1,43736.4132,43736.4132,2845720.634,0.000000,0.000000,3,0
6588,6598,1,45430.76924,49150.49967,3187591.424,11856980832.989788,5.000000,3,1
6593,6602,1,46599.91601,50693.01158,2896824.818,11856980832.989794,5.000000,3,1
6599,6604,1,49764.27533,49764.27533,2513258.392,0.000000,0.000000,3,0
6603,6604,1,51206.08797,50147.27067,2866771.352,-3035387093.245388,-1.000000,3,-1
6611,6640,1,51893.97734,57013.84667,1152527.953,5900792509.269029,5.000000,3,1
6641,6645,1,56943.42735,56943.42735,2921339.086,0.000000,0.000000,3,0
6613,6645,1,52876.55945,58308.57465,1086298.967,5900792509.269026,5.000000,3,1
6656,6670,1,59947.55535,65247.85943,3094955.104,16404203175.767897,5.000000,3,1
6653,6672,1,58503.63405,65215.27287,3252670.846,21830751928.590389,6.654012,3,1
6696,6700,1,67979.57265,66797.50398,3681190.007,-4351419378.075634,-1.000000,3,-1
6671,6726,1,65550.02377,71445.38342,3172120.571,18700791620.375420,5.000000,3,1
6725,6728,1,70336.35073,70336.35073,1247994.593,0.000000,0.000000,3,0
6727,6728,1,71849.90868,70424.97084,2668580.581,-3802561440.688010,-1.000000,3,-1
6747,6790,1,73705.46733,81777.95667,1151250.843,9293460161.041481,5.000000,3,1
6748,6790,1,73960.08932,81699.29989,1200827.923,9293460161.041483,5.000000,3,1
6791,6809,1,82881.97328,90840.38118,3246355.248,25835819247.695328,5.000000,3,1
6793,6824,1,84797.58968,99396.9672,3075821.91,44905085217.020851,8.690471,3,1
6810,6828,1,92028.77026,101175.0273,3220206.236,29452833942.372669,5.000000,3,1
6831,6834,1,104735.8322,104735.8322,3800071.727,0.000000,0.000000,3,0
6846,6849,1,107792.0514,105755.0657,3913914.913,-7972588524.937549,-1.000000,3,-1
6830,6852,1,103092.5913,103092.5913,4135667.99,0.000000,0.000000,3,0
6863,6869,1,110040.7249,110040.7249,1817968.319,0.000000,0.000000,3,0
6876,6895,1,110976.5512,127154.9876,1436978.682,23248068138.717888,5.000000,3,1
6878,6903,1,114840.5791,131575.1059,1389227.693,23248068138.717884,5.000000,3,1
6896,6905,1,128232.8599,128232.8599,2612818.073,0.000000,0.000000,3,0
6912,6925,1,132555.7792,145420.9262,3517739.77,45256239310.037483,5.000000,3,1
6934,6935,1,147803.3843,145531.177,4541144.916,-10318422562.688484,-1.000000,3,-1
6913,6942,1,134543.1192,148214.6133,3310262.868,45256239310.037514,5.000000,3,1
6944,6952,1,148651.9925,148651.9925,4013697.672,0.000000,0.000000,3,0
6943,6959,1,148924.0744,161043.3856,3909183.827,47376615398.324196,5.242316,3,1
6960,6977,1,160587.2427,160587.2427,3807999.644,0.000000,0.000000,3,0
6957,6987,1,154799.3702,154799.3702,3688969.815,0.000000,0.000000,3,0
7028,7033,1,163575.9723,160679.203,4357691.334,-12623226662.767361,-1.000000,4,-1
7109,7148,-1,136070.2914,123068.4979,1887397.506,24539552632.419834,5.000000,4,1
7127,7169,-1,133321.6072,121305.6428,2090700.403,25121781472.153786,5.118631,4,1
7169,7218,-1,119876.4793,98818.49304,4354879.531,91704993215.468796,8.847130,4,1
7190,7218,-1,113265.2273,98735.81434,6038785.713,87740011465.678757,6.422996,4,1
7232,7262,-1,94082.94902,85476.55252,10855155.11,93423769011.050598,5.000000,4,1
7237,7281,-1,91192.38221,79488.90927,10164356.75,118958274209.781296,6.366596,4,1
7269,7302,-1,82848.54156,75587.71828,14668184.67,106503096672.597626,5.000000,4,1
7302,7316,-1,75543.74275,68265.69751,16921749.04,123157255061.966995,5.000000,4,1
7304,7324,-1,74165.24789,66831.85069,18827248.13,138067688596.130585,5.000000,4,1
7331,7344,-1,64683.37602,64683.37602,27876404.85,-0.000000,-0.000000,4,0
7353,7365,-1,63915.66998,63915.66998,31464083.8,-0.000000,-0.000000,4,0
7317,7407,-1,68270.52102,62012.69529,20965451.39,131198141016.018341,4.223759,4,0
7407,7443,-1,62653.92335,57588.17927,34474536.81,174639180708.264404,5.000000,4,1
7410,7444,-1,61301.4576,56076.15621,36936992.86,193006920450.506927,5.000000,4,1
7444,7480,-1,56234.31998,49994.55415,34857884.88,217505038790.634644,5.001118,4,1
7445,7493,-1,55084.61518,48498.00699,37117339.89,244477374612.734863,5.000000,4,1
7493,7521,-1,48217.5884,41739.35371,61709903.97,399771240607.290527,7.270469,4,1
7499,7521,-1,46714.80421,41733.78403,70017640.44,348759280442.010986,5.640526,4,1
7528,7560,-1,40488.02682,36435.57012,102147713.5,413949185436.108582,5.000000,4,1
7537,7567,-1,39272.59494,35501.22593,109760987.2,413949185436.109131,5.000000,4,1
7561,7582,-1,36570.86791,33213.67358,140564419.2,471902071397.163635,5.000000,4,1
7569,7587,-1,35579.20086,32117.90175,153079795.1,529854957358.218994,5.000000,4,1
7583,7592,-1,32760.58588,32760.58588,191343486.2,-0.000000,-0.000000,4,0
7588,7592,-1,31993.6258,32607.62827,218273042,-134020188276.794281,-1.000000,4,-1
7640,7678,-1,32831.07678,28341.81398,82349331.14,369687789297.076965,7.094775,5,1
7645,7678,-1,31620.49092,28178.39098,75690784.68,260535246010.088715,5.000000,5,1
7727,7745,-1,28802.77063,24685.72953,278377199.4,1146090371450.480469,7.748363,5,1
7733,7745,-1,27380.60011,24381.48748,246596053.6,739569339968.224609,5.000000,5,1
7773,7776,-1,21973.92506,22444.39689,426619248.4,-200712339913.368225,-1.000000,5,-1
7752,7788,-1,23650.77203,20852.73555,358666410.7,1003561699566.843506,5.000000,5,1
7789,7815,-1,20591.33096,16922.59161,343694403.8,1260925183799.304199,7.061882,5,1
7786,7815,-1,21348.11702,16911.23913,155052079.5,687947143067.069824,8.815658,5,1
7818,7845,-1,16512.81306,13680.26131,490300921.1,1388802735679.622559,5.000000,5,1
7822,7864,-1,15797.43581,13007.97358,497874723,1388802735679.622559,5.000000,5,1
7864,7866,-1,12856.1186,13397.59551,584783986.5,-316647023734.953735,-1.000000,5,-1
7874,7904,-1,12285.87494,12285.87494,268456716.4,-0.000000,-0.000000,5,0
7923,7928,-1,11285.81864,11664.92491,457216629.1,-173333691834.702515,-1.000000,5,-1
7873,7963,-1,12533.24269,9970.577548,270552229.9,693334767338.809326,5.000000,5,1
7971,7998,-1,9540.056018,9540.056018,1363362941,-0.000000,-0.000000,5,0
7970,8020,-1,9629.741504,8562.826549,1354287564,1444909655134.080078,5.000000,5,1
8005,8024,-1,9194.0495,8378.950028,1994263790,1625523362025.839844,5.000000,5,1
8022,8025,-1,8459.599942,8459.599942,2543293863,-0.000000,-0.000000,5,0
8039,8042,-1,8123.499936,8123.499936,2898736015,-0.000000,-0.000000,5,0
8041,8042,-1,7921.976973,8088.163294,2690952749,-447199538263.997986,-1.000000,5,-1
8054,8090,-1,7994.573951,7222.833388,1126487247,869355902385.211426,5.000000,5,1
8058,8105,-1,7755.079292,6961.05202,1094869072,869355902385.210938,5.000000,5,1
8102,8106,-1,7002.660788,7002.660788,3529004903,-0.000000,-0.000000,5,0
8124,8141,-1,6595.460082,6595.460082,4159674042,-0.000000,-0.000000,5,0
8113,8151,-1,6835.278324,6187.69269,3732030612,2416809408630.888184,5.000000,5,1
8153,8181,-1,6082.702527,6082.702527,3673376156,-0.000000,-0.000000,5,0
8190,8192,-1,5965.622136,5965.622136,5338704398,-0.000000,-0.000000,5,0
8205,8206,-1,5675.94409,5783.576476,5119579387,-551032545167.841553,-1.000000,5,-1
8148,8238,-1,6244.138985,5550.737187,2927296015,2029792321039.620850,4.199322,5,0
8225,8267,-1,5802.517638,4923.072605,2015244249,1772296544486.898438,8.272426,5,1
8252,8288,-1,5422.778388,4751.789078,2207329571,1481094547230.629395,5.000000,5,1
8291,8308,-1,4700.663258,4158.497723,6303727599,3417663847301.711426,5.000000,5,1
8295,8313,-1,4550.661875,4015.810943,6389937167,3417663847301.712891,5.000000,5,1
8316,8343,-1,3901.081329,3901.081329,9079702908,-0.000000,-0.000000,6,0
8310,8389,-1,4058.246747,3043.69577,8548704568,8673096573572.677734,11.130380,6,1
8351,8389,-1,3792.33102,3033.274206,1.147234531e+10,8708161887896.611328,9.953073,6,1
8450,8461,-1,2644.49497,2703.249542,2.317431871e+10,-1361597181830.379150,-1.000000,6,-1
8410,8478,-1,2858.000973,2548.382749,2.198832427e+10,6807985909151.893555,5.000000,6,1
8479,8531,-1,2545.515457,2234.512405,1.947371328e+10,6056384264781.525391,5.000000,6,1
8480,8532,-1,2542.818616,2247.963043,2.054017227e+10,6056384264781.524414,5.000000,6,1
8550,8568,-1,2186.455281,1996.359307,4.874520857e+10,9266267925115.730469,5.000000,6,1
8570,8614,-1,1954.372461,1954.372461,4.615109544e+10,-0.000000,-0.000000,6,0
8568,8643,-1,2003.394022,2003.394022,4.176331304e+10,-0.000000,-0.000000,6,0
8813,8814,-1,1897.791828,1936.682227,5.432469598e+10,-2112709086926.393066,-1.000000,6,-1
8885,8892,-1,1622.490765,1622.490765,2.780505608e+10,-0.000000,-0.000000,6,0
8882,8893,-1,1652.271645,1652.271645,2.709005033e+10,-0.000000,-0.000000,6,0
8903,8915,-1,1598.834961,1598.834961,2.951494028e+10,-0.000000,-0.000000,6,0
8906,8915,-1,1543.186651,1584.997525,2.94691739e+10,-1232131939495.471680,-1.000000,6,-1
8997,9035,-1,1179.579381,1071.147888,3.724109094e+10,4038107076373.149414,5.000000,7,1
9036,9038,-1,1076.874883,1102.576963,6.636413854e+10,-1705696429060.022217,-1.000000,7,-1
8998,9042,-1,1168.952325,1057.946275,3.637736034e+10,4038107076373.147461,5.000000,7,1
9045,9071,-1,1055.644046,1055.644046,6.77919464e+10,-0.000000,-0.000000,7,0
9081,9091,-1,1022.67016,1022.67016,9.664808053e+10,-0.000000,-0.000000,7,0
9088,9091,-1,995.443661,1014.372147,1.044819563e+11,-1977685231004.807129,-1.000000,7,-1
9103,9143,-1,962.316232,850.2814738,3.823907657e+10,4284105695963.310059,5.000000,7,1
9104,9144,-1,951.3901978,838.5828602,3.797719002e+10,4284105695963.312988,5.000000,7,1
9154,9171,-1,802.9799064,802.9799064,1.397882235e+11,-0.000000,-0.000000,7,0
9179,9179,-1,780.9483041,794.6335712,1.74053072e+11,-2381962766955.592285,-1.000000,7,-1
9144,9224,-1,836.8376802,648.7478978,9.017857836e+10,16961669178380.917969,9.373127,7,1
9190,9224,-1,762.5859208,649.4186592,4.404758735e+10,4984744839313.387695,5.382471,7,1
9231,9295,-1,614.2172057,525.4524546,1.650298889e+11,14648837009881.429688,5.000000,7,1
9239,9311,-1,582.7612695,487.0649571,1.913502254e+11,18311510937242.304688,6.250159,7,1
9304,9319,-1,513.3487801,457.354904,2.982410818e+11,16699674191264.832031,5.000000,7,1
9321,9350,-1,450.2955474,450.2955474,3.058623629e+11,-0.000000,-0.000000,7,0
9318,9361,-1,461.2837091,461.2837091,2.762225892e+11,-0.000000,-0.000000,7,0
9367,9369,-1,421.8400433,436.0248691,3.045682809e+11,-4320248021851.158691,-1.000000,7,-1
9378,9409,-1,404.7012619,322.0817758,1.016535269e+11,8398562154478.664062,5.000000,7,1
9383,9439,-1,388.4236501,309.3800334,1.062522505e+11,8398562154478.664062,5.000000,7,1
9434,9444,-1,316.5979565,328.0550186,3.096389476e+11,-3547552654051.780762,-1.000000,7,-1
9456,9459,-1,310.5737944,310.5737944,1.589756649e+11,-0.000000,-0.000000,7,0
9455,9461,-1,319.8354393,319.8354393,1.751563284e+11,-0.000000,-0.000000,7,0
9473,9486,-1,287.3696405,237.533094,2.751155169e+11,13710807250730.068359,5.000000,7,1
9469,9506,-1,298.8185858,226.3755218,2.446387318e+11,17722379293417.148438,6.462923,7,1
9487,9514,-1,232.8917455,232.8917455,3.929079768e+11,-0.000000,-0.000000,7,0
9521,9526,-1,223.70311,223.70311,1.206551436e+12,-0.000000,-0.000000,7,0
9522,9526,-1,218.7216803,223.7147575,1.091591053e+12,-5450398306812.802734,-1.000000,7,-1
9545,9593,-1,206.6461251,184.9626854,4.886482242e+11,10595574308444.101562,5.000000,7,1
9541,9600,-1,211.1957755,183.0104432,4.797130888e+11,13520872819848.171875,6.380434,7,1
9594,9601,-1,183.312733,183.312733,1.060715971e+12,-0.000000,-0.000000,7,0
9617,9623,-1,171.8589746,171.8589746,1.566054321e+12,-0.000000,-0.000000,7,0
9663,9683,-1,167.5834256,152.0387063,1.921246548e+12,29865238369071.144531,5.000000,8,1
9684,9687,-1,151.8389038,154.9620779,2.180241642e+12,-6809274348148.196289,-1.000000,8,-1
9666,9697,-1,162.5906331,162.5906331,1.7693702e+12,-0.000000,-0.000000,8,0
9713,9749,-1,154.187067,135.6033626,8.903788129e+11,16546536666000.187500,5.000000,8,1
9710,9760,-1,157.7828782,133.9026651,8.643860316e+11,20641722650031.027344,6.237475,8,1
9750,9760,-1,135.0712028,135.0712028,2.019361751e+12,-0.000000,-0.000000,8,0
9778,9793,-1,127.2369069,115.9400206,3.390264233e+12,38299429636244.757812,5.000000,8,1
9786,9794,-1,123.8246168,113.8787279,3.850779973e+12,38299429636244.781250,5.000000,8,1
9799,9838,-1,111.942257,96.35052657,4.323938553e+12,67417684450550.335938,6.876090,8,1
9794,9841,-1,114.3324884,96.51510094,3.489230678e+12,62168974963571.945312,7.119452,8,1
9849,9867,-1,93.85013102,85.32564025,7.879110204e+12,67165402252370.367188,5.000000,8,1
9868,9868,-1,85.08748104,86.66313274,9.718970087e+12,-15313711713540.435547,-1.000000,8,-1
9859,9871,-1,89.8481061,89.8481061,8.202684348e+12,-0.000000,-0.000000,8,0
9929,9932,-1,86.01606857,86.01606857,5.85720007e+12,-0.000000,-0.000000,8,0
9939,9946,-1,83.55505002,83.55505002,5.822218813e+12,-0.000000,-0.000000,8,0
9926,9951,-1,87.23291682,80.65919025,5.660764727e+12,37212319463903.273438,5.000000,8,1
9969,9974,-1,75.96277208,75.96277208,9.534899255e+12,-0.000000,-0.000000,8,0
9960,9981,-1,77.84621558,77.84621558,8.1206149e+12,-0.000000,-0.000000,8,0
10007,10009,-1,71.62897697,73.14664125,1.049433194e+13,-15926872730550.615234,-1.000000,8,-1
9998,10046,-1,74.19816563,66.73075132,1.066424873e+13,79634363652753.015625,5.000000,8,1
10032,10088,-1,67.89891062,59.12387754,3.528401583e+12,30961840588190.386719,5.000000,8,1
10050,10097,-1,65.13770545,55.58754891,1.028785078e+13,98250585368834.609375,6.934416,8,1
10089,10116,-1,58.39418648,51.77844072,1.40404534e+13,92888070064208.046875,5.000000,8,1
10115,10135,-1,52.47084049,46.89864757,1.913845297e+13,106643152015844.859375,5.000000,8,1
10117,10142,-1,51.25547319,45.43246725,2.054737417e+13,119647481824834.062500,5.000000,8,1
10136,10168,-1,46.57597987,39.95934063,2.815201323e+13,186271715268564.625000,6.920610,8,1
10143,10168,-1,44.89805235,39.89730542,3.489012067e+13,174476664141435.031250,5.764844,8,1
10243,10245,-1,37.21690795,37.99193263,5.208426284e+13,-40366588735985.757812,-1.000000,8,-1
10257,10280,-1,36.0145661,36.0145661,1.915610569e+13,-0.000000,-0.000000,8,0
10255,10301,-1,36.96477611,33.10817341,2.034761023e+13,78472648502756.453125,5.000000,9,1
10312,10372,-1,32.74067543,28.67213173,4.79923218e+13,195258858335395.593750,5.890722,9,1
10293,10373,-1,33.59937009,28.65935368,2.307298098e+13,113980904552162.250000,5.809969,9,1
10397,10398,-1,30.60132859,31.1873281,8.548176528e+13,-50092271770307.062500,-1.000000,9,-1
10438,10440,1,36.13282008,36.13282008,2.676759214e+13,0.000000,0.000000,9,0
10440,10440,1,36.87007597,36.12772703,2.623547269e+13,-19475875264295.433594,-1.000000,9,-1
10971,10971,1,135.8982312,133.8476965,9.391572593e+12,-19257745461335.144531,-1.000000,10,-1
10978,11019,1,139.1718934,154.1396245,6.361037162e+12,95210293560841.546875,5.000000,10,1
10979,11020,1,138.9501811,153.3082099,6.679827655e+12,95909157275036.796875,5.036701,10,1
11020,11068,1,153.9123367,170.0602027,1.245267575e+13,201084140000497.343750,5.000000,10,1
11022,11069,1,156.3287514,173.9370551,1.503736313e+13,264782457019126.750000,5.000000,10,1
11069,11103,1,174.6617928,193.4226396,1.561412657e+13,292934236619196.250000,5.000000,10,1
11090,11104,1,180.9777207,199.4057707,1.790768854e+13,330003780601874.000000,5.000000,10,1
11113,11117,1,206.4285256,206.4285256,1.89502947e+13,0.000000,0.000000,10,0
11131,11149,1,219.2816131,240.0288255,2.010945355e+13,417215103012823.937500,5.000000,10,1
11104,11162,1,198.5852796,248.3851744,1.426202926e+13,710247556194032.875000,9.571693,10,1
11152,11171,1,242.4017166,265.5865853,2.051446676e+13,475625217434619.687500,5.000000,10,1
11169,11184,1,257.2285462,288.5466323,2.55127272e+13,799009787394841.625000,6.947188,10,1
11185,11185,1,291.0801789,284.3823684,2.250015201e+13,-150701755195582.062500,-1.000000,10,-1
11172,11186,1,266.5341031,292.1697546,2.502949477e+13,641647405742630.000000,5.000000,10,1
11199,11234,1,294.2911616,329.1620288,1.886368152e+13,657792933643596.500000,5.000000,10,1
11198,11240,1,294.0098445,341.692066,1.78214265e+13,849765207383294.000000,6.459215,10,1
11235,11253,1,332.7807573,374.3631614,2.649590754e+13,1101763533308434.375000,6.024963,10,1
11243,11260,1,347.7613353,384.077391,2.845296071e+13,1033299306798259.875000,5.000000,10,1
11254,11293,1,374.8838707,415.261786,2.941078541e+13,1187546201461440.500000,5.000000,10,1
11270,11297,1,402.7524795,402.7524795,3.468127385e+13,0.000000,0.000000,10,0
11314,11317,1,420.1565885,411.6857239,3.537925912e+13,-299692914523559.687500,-1.000000,10,-1
11329,11381,1,424.3620285,471.9682206,1.27370174e+13,606360896755252.750000,5.203894,10,1
11336,11391,1,441.5620016,497.4987707,1.041538571e+13,582603025833800.125000,5.000000,10,1
11388,11399,1,485.6922688,546.9749931,3.105414474e+13,1903082591389174.250000,7.716544,10,1
11392,11449,1,520.2110965,579.9409836,2.7171699e+13,1622962513746968.750000,5.000000,10,1
11451,11452,1,590.362107,580.5405478,4.310127919e+13,-423321765693205.500000,-1.000000,10,-1
11436,11479,1,551.816935,620.5527252,3.010561739e+13,2069333401328154.500000,5.476183,10,1
11474,11490,1,610.0122876,680.5125728,1.19837419e+13,844857221586935.000000,5.133180,10,1
11486,11503,1,656.4762877,739.8949713,2.250863098e+13,1877640365963936.500000,5.000000,10,1
11491,11506,1,679.918289,779.2534405,2.711335702e+13,2693309429132276.000000,5.462370,10,1
11504,11530,1,763.5249622,857.9327872,2.88980296e+13,2728200119712041.000000,5.000000,10,1
11507,11533,1,781.0931747,915.5286671,2.992794916e+13,4023378583128844.000000,6.478321,10,1
11531,11536,1,908.2214575,884.9733207,2.999992208e+13,-697442291310050.250000,-1.000000,10,-1
11549,11554,1,938.9538377,938.9538377,1.022293775e+13,0.000000,0.000000,10,0
11548,11576,1,928.8862407,1083.545369,1.022336688e+13,1581137014961951.750000,5.000000,10,1
11577,11578,1,1081.007383,1047.842219,2.013776531e+13,-667872275119928.125000,-1.000000,10,-1
11560,11593,1,1010.939598,1176.585132,1.193163024e+13,1976421268702439.250000,5.000000,10,1
11586,11622,1,1102.362931,1296.185457,8.42151775e+12,1632279840393104.000000,5.000000,11,1
11615,11648,1,1279.895041,1437.599999,2.210405365e+13,3485918862880880.500000,5.000000,11,1
11626,11650,1,1331.108641,1456.73604,3.650412086e+13,4585917756256135.000000,5.000000,11,1
11658,11658,1,1494.077267,1469.583937,4.667372642e+13,-1143194976587061.000000,-1.000000,11,-1
11671,11698,1,1505.442784,1673.365181,1.323451231e+13,2222371034485251.250000,5.000000,11,1
11677,11702,1,1556.177177,1717.687894,1.375989826e+13,2222371034485252.000000,5.000000,11,1
11701,11704,1,1710.973661,1677.909233,2.839091971e+13,-938729524966567.250000,-1.000000,11,-1
11713,11727,1,1728.054296,1885.973583,1.531610093e+13,2418707736949472.500000,5.000000,11,1
11714,11729,1,1728.793716,1880.888333,1.590265179e+13,2418707736949473.500000,5.000000,11,1
11731,11747,1,1903.332291,2055.566995,4.416869053e+13,6724007508719538.000000,5.000000,11,1
11734,11752,1,1953.737863,2127.830144,3.900035588e+13,6789660933764364.000000,5.048820,11,1
11753,11759,1,2133.651307,2133.651307,4.539634339e+13,0.000000,0.000000,11,0
11748,11795,1,2089.473767,2276.275142,4.103486135e+13,7665368559940275.000000,5.000000,11,1
11783,11800,1,2175.054669,2323.745939,5.794503682e+13,8615921090667286.000000,5.000000,11,1
11802,11806,1,2344.885259,2344.885259,6.176632586e+13,0.000000,0.000000,11,0
11800,11821,1,2315.898492,2492.313019,5.492219299e+13,9689072689058904.000000,5.000000,11,1
11818,11821,1,2430.288328,2430.288328,6.363398255e+13,0.000000,0.000000,11,0
11832,11836,1,2540.093604,2490.093027,4.900652207e+13,-2450354363644112.500000,-1.000000,11,-1
11829,11837,1,2475.131515,2475.131515,5.12499585e+13,0.000000,0.000000,11,0
11843,11846,1,2605.173484,2548.623806,2.105886832e+13,-1190872220731040.500000,-1.000000,11,-1
12302,12303,1,8231.418406,8016.711565,4.375081869e+12,-939360007712644.625000,-1.000000,12,-1
12315,12315,1,8378.72346,8165.895342,4.364269076e+12,-928839175626264.750000,-1.000000,12,-1
12357,12364,1,8298.637185,8076.573842,4.135919786e+12,-918436176859248.750000,-1.000000,12,-1
12474,12512,-1,7354.904774,6363.82907,4.581636341e+12,4540748458392127.000000,5.000000,12,1
12478,12526,-1,7119.915766,6204.157957,4.958459993e+12,4540748458392125.000000,5.000000,12,1
12514,12542,-1,6275.457744,5652.879956,1.540379518e+13,9590060744124170.000000,5.000000,12,1
12535,12545,-1,6005.78227,6005.78227,2.627112137e+13,-0.000000,-0.000000,12,0
12561,12587,-1,5824.97585,5239.350321,2.384781489e+13,13965889218507500.000000,5.000000,12,1
12588,12594,-1,5205.546761,5321.626709,2.743129004e+13,-3184222741819701.000000,-1.000000,12,-1
12602,12616,-1,5175.051391,4767.132711,1.517490939e+13,6190129010097524.000000,5.000000,12,1
12563,12639,-1,5654.663778,4181.872848,2.156220511e+13,31756620128725976.000000,11.369351,12,1
12623,12652,-1,4513.560736,3991.963278,2.506444822e+13,13073552469325958.000000,5.000000,12,1
12647,12683,-1,4023.740627,3596.629957,4.867091568e+13,20787867404679084.000000,5.000000,12,1
12669,12690,-1,3759.03692,3374.105397,5.875893092e+13,22618164750384708.000000,5.000000,12,1
12686,12697,-1,3473.917836,3123.55203,7.286232216e+13,25528466187039780.000000,5.000000,12,1
12691,12700,-1,3361.38835,3361.38835,8.768612074e+13,-0.000000,-0.000000,12,0
12698,12700,-1,3116.866174,3185.966814,9.339709331e+13,-6453798903655822.000000,-1.000000,12,-1
12708,12737,-1,3189.402355,2745.545967,2.843679925e+13,12621855011335828.000000,5.030157,12,1
12727,12754,-1,2973.942343,2641.028619,3.842797059e+13,12793198789409294.000000,5.098442,12,1
12761,12785,-1,2529.835388,2243.260514,1.218654299e+14,34923570203871740.000000,5.000000,12,1
12768,12803,-1,2377.165393,2049.271323,1.065086972e+14,34923570203871736.000000,5.000000,12,1
12789,12850,-1,2129.940744,1829.377958,1.324610761e+14,39812870032413768.000000,5.000000,12,1
12806,12866,-1,1992.486327,1766.200684,1.975475301e+14,44702169860955800.000000,5.000000,12,1
12851,12881,-1,1816.69177,1622.060799,2.583143451e+14,50275971665493720.000000,5.000000,12,1
12868,12914,-1,1715.840057,1526.969568,2.993282623e+14,56534275446027520.000000,5.000000,12,1
12882,12940,-1,1608.42381,1608.42381,3.90036294e+14,-0.000000,-0.000000,13,0
12972,12981,-1,1502.654452,1502.654452,4.158842035e+14,-0.000000,-0.000000,13,0
12969,13000,-1,1552.595004,1388.8425,4.365594921e+14,71487710041640464.000000,5.000000,13,1
12995,13029,-1,1443.356293,1304.038786,5.131279763e+14,71487710041640512.000000,5.000000,13,1
13001,13037,-1,1385.959859,1236.871806,5.466299154e+14,81495989447470208.000000,5.000000,13,1
13030,13089,-1,1287.473548,1116.714579,7.233295534e+14,123515009425806112.000000,6.749139,13,1
13051,13092,-1,1195.243303,1195.243303,9.229321277e+14,-0.000000,-0.000000,13,0
13134,13153,-1,1111.475004,1111.475004,9.378648284e+14,-0.000000,-0.000000,13,0
13131,13154,-1,1139.80282,1139.80282,9.439254559e+14,-0.000000,-0.000000,13,0
13166,13188,-1,1092.497604,1092.497604,6.963795148e+14,-0.000000,-0.000000,13,0
13195,13222,-1,1046.022833,914.630681,9.835037537e+14,129224675036538192.000000,5.375143,13,1
13203,13246,-1,1008.911129,851.7338392,9.407801362e+14,147869272066035168.000000,6.150671,13,1
13253,13261,-1,803.6055277,830.1576996,1.197634316e+15,-31799792257983792.000000,-1.000000,13,-1
13243,13267,-1,845.2319823,845.2319823,8.464881316e+14,-0.000000,-0.000000,13,0
13398,13419,1,1072.720884,1150.287638,1.004176487e+15,77890710414950720.000000,5.039937,13,1
13402,13425,1,1090.810007,1174.035475,9.284837545e+14,77273495186900640.000000,5.000000,13,1
13436,13474,1,1239.633956,1239.633956,1.636531748e+15,0.000000,0.000000,13,0
13433,13494,1,1214.03639,1318.912173,1.680750077e+15,176269979158060288.000000,5.000000,13,1
13495,13508,1,1328.923565,1442.642066,1.767063182e+15,200947776240188672.000000,5.000000,13,1
13493,13511,1,1310.018263,1444.573651,1.593150992e+15,214367048571913312.000000,6.080645,13,1
13521,13530,1,1487.456809,1487.456809,1.988746094e+15,0.000000,0.000000,13,0
13509,13535,1,1440.474063,1586.330591,2.043906079e+15,298117043927991104.000000,6.506819,13,1
13534,13548,1,1574.590963,1775.296603,1.29090469e+15,259091851713882848.000000,5.000000,13,1
13538,13556,1,1637.66952,1858.640736,1.361391056e+15,300828237863801728.000000,5.000000,13,1
13552,13591,1,1809.211208,2039.99776,1.460661785e+15,337101097103745408.000000,5.000000,14,1
13557,13624,1,1867.425992,2092.126863,1.816614843e+15,408194935925790784.000000,5.382075,14,1
13622,13624,1,2087.265638,2087.265638,2.652709334e+15,0.000000,0.000000,14,0
13625,13628,1,2151.53899,2108.572617,2.250869511e+15,-96711699005762720.000000,-1.000000,14,-1
13671,13685,1,2389.041359,2389.041359,7.492317827e+14,0.000000,0.000000,14,0
13635,13725,1,2296.40478,2734.51655,6.659689001e+14,291768813676079360.000000,7.759498,14,1
13699,13728,1,2513.495455,2771.619215,9.104525258e+14,235009428584002976.000000,5.000000,14,1
13734,13736,1,2888.513874,2888.513874,2.199321077e+15,0.000000,0.000000,14,0
13739,13744,1,2960.247849,2902.21303,1.873936453e+15,-108753562216883600.000000,-1.000000,14,-1
13730,13750,1,2819.692861,3055.774328,2.303305799e+15,543767811084416960.000000,5.000000,14,1
13751,13752,1,3050.548532,2989.831782,1.593418091e+15,-96747168948139248.000000,-1.000000,14,-1
13766,13786,1,3144.645569,3487.612509,6.894252873e+14,236450080909252928.000000,5.000000,14,1
13767,13788,1,3180.625724,3525.631611,6.853508581e+14,236450080909253120.000000,5.000000,14,1
13796,13825,1,3626.049765,3999.839601,1.758558317e+15,657331224927723520.000000,5.000000,14,1
13787,13829,1,3490.800266,3986.877139,1.413299244e+15,701105069311513856.000000,7.019719,14,1
13844,13867,1,4076.656491,4408.583107,2.553312282e+15,847512306121217664.000000,5.000000,14,1
13848,13878,1,4137.106158,4456.753715,2.651396157e+15,847512306121217536.000000,5.000000,14,1
13881,13892,1,4510.747507,4946.434906,2.489894712e+15,1084815751835157504.000000,5.000000,14,1
13885,13896,1,4649.15138,5121.907365,2.29466318e+15,1084815751835157760.000000,5.000000,14,1
13920,13935,1,5265.249473,5738.835768,2.932019314e+15,1388564162349001728.000000,5.000000,14,1
13894,13943,1,5029.284877,5884.871959,1.994129909e+15,1706151789372530432.000000,6.898058,14,1
13948,13963,1,6207.950755,6207.950755,2.672729386e+15,0.000000,0.000000,14,0
13936,14026,1,5786.799269,6008.527335,2.48263296e+15,550469404629022656.000000,1.738731,14,0
14166,14169,1,6329.812957,6170.316144,2.381101009e+15,-379778022447616896.000000,-1.000000,14,-1
14177,14218,1,6381.336891,7029.608001,1.138857593e+15,738288475638165248.000000,5.000000,14,1
14219,14219,1,7010.906106,6878.382454,2.353187887e+15,-311853052109561280.000000,-1.000000,14,-1
14159,14226,1,6128.694986,7068.801646,2.019866672e+15,1898890112238078976.000000,5.000000,14,1
14259,14265,1,6959.227314,6959.227314,2.574411357e+15,0.000000,0.000000,15,0
14258,14266,1,6997.571307,6997.571307,2.52143358e+15,0.000000,0.000000,15,0
14278,14297,1,7350.831977,7350.831977,3.35722409e+15,0.000000,0.000000,15,0
14275,14333,1,7200.835305,8702.062832,3.64270934e+15,5468535534510476288.000000,12.592961,15,1
14313,14333,1,7656.36719,8666.796671,2.560578833e+15,2587284340294647296.000000,5.958007,15,1
14351,14367,1,9078.685808,9078.685808,3.810343981e+15,0.000000,0.000000,15,0
14334,14387,1,8614.801599,9804.144319,3.143894948e+15,3739168568747196416.000000,5.666984,15,1
14379,14388,1,9537.740839,10757.04222,3.310380164e+15,4036351112911491584.000000,6.117386,15,1
14389,14403,1,11087.55178,11087.55178,2.683559595e+15,0.000000,0.000000,15,0
14388,14406,1,10755.12313,10755.12313,2.544552911e+15,0.000000,0.000000,15,0
14437,14443,1,11910.96446,11910.96446,3.323031432e+15,0.000000,0.000000,15,0
14453,14466,1,12719.54401,14078.47308,3.228758895e+15,4387654302007680512.000000,5.000000,15,1
14414,14479,1,11044.72427,14432.16025,3.46823469e+15,11748422965856618496.000000,13.388045,15,1
14467,14490,1,14032.36998,15312.00971,4.029563449e+15,5156389457298658304.000000,5.154404,15,1
14487,14494,1,14985.631,14985.631,4.699033586e+15,0.000000,0.000000,15,0
14491,14494,1,15315.79015,15004.97899,4.74152836e+15,-1473719928706099456.000000,-1.000000,15,-1
14508,14525,1,15554.27434,16965.60995,2.029929321e+15,2864911541404661248.000000,5.000000,15,1
14509,14532,1,15883.80841,15883.80841,1.801932073e+15,0.000000,0.000000,15,0
14543,14553,1,16733.27873,16733.27873,3.742170228e+15,0.000000,0.000000,15,0
14546,14553,1,17140.43735,16760.42641,3.582544116e+15,-1361405964475494912.000000,-1.000000,15,-1
14570,14609,1,17205.97281,19083.82484,1.570468715e+15,2949107853712689152.000000,5.000000,15,1
14571,14610,1,17312.18019,19141.57165,1.612070411e+15,2949107853712690176.000000,5.000000,15,1
14610,14634,1,19128.80455,20828.13195,3.665282954e+15,6228515787041200128.000000,5.000000,15,1
14612,14637,1,19580.33701,21465.42001,4.435648664e+15,8361565889473441792.000000,5.099436,15,1
14635,14673,1,21274.81859,23615.29116,4.572787902e+15,10702484651882455040.000000,5.899603,15,1
14638,14674,1,21765.37529,23935.07936,4.720059021e+15,10241131268033329152.000000,5.000000,15,1
14693,14698,1,25107.30554,24656.77214,5.84784067e+15,-2634647499364301824.000000,-1.000000,15,-1
14684,14710,1,24113.55861,24113.55861,6.214656311e+15,0.000000,0.000000,15,0
14739,14752,1,24546.95762,24546.95762,2.901133321e+15,0.000000,0.000000,15,0
14766,14771,1,25879.15095,25423.06002,3.368903682e+15,-1536526421629265664.000000,-1.000000,15,-1
14895,14911,1,38356.79756,41912.66722,1.416168123e+15,5035709259152977920.000000,5.000000,16,1
14899,14925,1,39307.18772,43005.31552,1.428054461e+15,5281127898784008192.000000,5.243678,16,1
14912,14931,1,41933.90559,41933.90559,2.292878408e+15,0.000000,0.000000,16,0
14947,14956,1,44234.78681,43451.0705,3.58130366e+15,-2806726069998727168.000000,-1.000000,16,-1
14939,14961,1,43078.01181,43078.01181,3.225925062e+15,0.000000,0.000000,16,0
14968,14975,1,44773.37756,44773.37756,1.721296659e+15,0.000000,0.000000,16,0
14990,14992,1,49501.65753,49501.65753,1.965706249e+15,0.000000,0.000000,16,0
14979,15017,1,47554.84154,52970.71634,1.511189515e+15,8184413220116275200.000000,5.000000,16,1
15027,15037,1,53524.99825,58449.76215,2.702232261e+15,13307855895909056512.000000,5.000000,16,1
14998,15043,1,50991.43702,62230.54118,2.22933428e+15,25055720179655712768.000000,13.120263,16,1
15038,15052,1,59504.02332,66069.71309,2.535850298e+15,16649606376437325824.000000,5.000000,16,1
15053,15066,1,66520.25927,65083.4208,3.130254736e+15,-4497670418858064384.000000,-1.000000,16,-1
15044,15075,1,62517.12842,71296.75966,2.886675321e+15,25343944806918500352.000000,6.286509,16,1
15073,15118,1,70319.56789,80193.5379,1.18424824e+15,11693231601237733376.000000,6.686836,16,1
15077,15118,1,71828.20299,80126.24834,2.584693823e+15,21447906557732089856.000000,5.276117,16,1
15151,15171,1,84059.90528,82421.50548,3.667797048e+15,-6009317970174941184.000000,-1.000000,16,-1
15371,15375,1,84276.64769,82460.84787,1.286718279e+15,-2336422826804005888.000000,-1.000000,16,-1
15550,15553,1,127773.7587,127773.7587,1.100267498e+15,0.000000,0.000000,17,0
15551,15554,1,129090.9941,126931.891,1.070006759e+15,-2310254891143810560.000000,-1.000000,17,-1
15565,15581,1,133039.569,145967.2303,8.835240922e+14,11421900181814958080.000000,5.000000,17,1
15564,15588,1,129774.0912,149855.947,1.072159014e+15,21530942728586096640.000000,9.425289,17,1
15585,15601,1,149100.3169,162566.5151,1.791378145e+15,24123053183993221120.000000,5.000000,17,1
15592,15610,1,153041.377,180797.5235,2.444717608e+15,67855940210990333952.000000,10.229082,17,1
15602,15610,1,162114.5967,180666.2421,2.51950254e+15,46740917704855732224.000000,6.394915,17,1
15613,15620,1,188123.0612,188123.0612,2.119779659e+15,0.000000,0.000000,17,0
15611,15641,1,181876.5769,204663.0943,2.307897044e+15,52588936015971041280.000000,5.000000,17,1
15627,15647,1,196587.6148,217640.6345,2.49792841e+15,52588936015971074048.000000,5.000000,17,1
15642,15659,1,210777.6613,232679.8607,2.802162876e+15,61373530190119632896.000000,5.118608,17,1
15660,15662,1,233757.8801,228774.4479,3.046339507e+15,-15181226465411956736.000000,-1.000000,17,-1
15648,15676,1,219453.9481,241069.5693,3.114129243e+15,67313838100442947584.000000,5.000000,17,1
15677,15690,1,241831.2806,241831.2806,2.673674179e+15,0.000000,0.000000,17,0
15675,15706,1,238207.2857,238207.2857,1.148447193e+15,0.000000,0.000000,17,0
15726,15779,1,249593.5432,277339.5752,2.998796293e+15,83204697955964125184.000000,5.000000,17,1
15731,15799,1,254626.4536,279098.494,3.399990213e+15,83204697955964026880.000000,5.000000,17,1
15803,15804,1,283685.241,279396.5745,4.96667272e+15,-21300402676726874112.000000,-1.000000,17,-1
15793,15825,1,275169.4209,299746.9857,3.859347184e+15,94853355669799124992.000000,5.000000,17,1
15817,15827,1,284984.6015,307219.4893,1.862297815e+15,41407982803556884480.000000,5.000000,17,1
15826,15847,1,302622.6942,330146.3928,3.394875915e+15,93439541442131329024.000000,5.000000,17,1
15828,15850,1,303966.2123,333492.4955,4.152115714e+15,122596544395162075136.000000,5.000000,17,1
15848,15852,1,331896.1544,331896.1544,3.988641248e+15,0.000000,0.000000,17,0
15851,15865,1,333172.5783,326240.924,4.409960186e+15,-30568319282476695552.000000,-1.000000,17,-1
15877,15884,1,339841.9122,339841.9122,1.632580967e+15,0.000000,0.000000,17,0
15903,15908,1,343148.9649,334974.7026,1.817436576e+15,-14856203171283664896.000000,-1.000000,17,-1
16209,16234,1,583078.456,583078.456,8.168125552e+14,0.000000,0.000000,18,0
16210,16234,1,585406.7784,585406.7784,8.52479998e+14,0.000000,0.000000,18,0
16257,16284,1,603637.0191,707132.5172,1.056104312e+15,109302041877882978304.000000,6.218166,18,1
16258,16284,1,603631.4426,707441.138,1.084840813e+15,112616994363031076864.000000,6.406752,18,1
16292,16294,1,761916.1131,739082.951,1.555201399e+15,-35510165668516884480.000000,-1.000000,18,-1
16306,16306,1,785984.8623,764800.5916,6.517265854e+14,-13806352411919382528.000000,-1.000000,18,-1
16285,16323,1,724666.7547,855334.0679,1.358800636e+15,177550828342584672256.000000,5.000000,18,1
16324,16343,1,857974.8518,857974.8518,1.262605079e+15,0.000000,0.000000,18,0
16325,16343,1,861669.4832,861669.4832,1.310757976e+15,0.000000,0.000000,18,0
16365,16367,1,844314.9758,827621.3941,2.342261054e+15,-39100726355857047552.000000,-1.000000,18,-1
16417,16428,1,763712.3251,744107.7546,7.754499098e+14,-15202362407157202944.000000,-1.000000,18,-1
16873,16946,-1,288090.2055,200815.9838,2.411186504e+15,210434425427823722496.000000,13.999008,19,1
16874,16946,-1,287066.3028,200670.9484,2.494075483e+15,215476535285194653696.000000,14.334431,19,1
16981,16982,-1,182592.5089,182592.5089,1.604237293e+16,-0.000000,-0.000000,19,0
17000,17004,-1,173026.0008,173026.0008,1.613437582e+16,-0.000000,-0.000000,19,0
16953,17028,-1,191011.7416,158069.3627,9.815524527e+15,323346727843014115328.000000,6.531499,19,1
17016,17049,-1,164119.925,146920.8101,1.439194604e+16,247528733852285829120.000000,5.000000,19,1
17040,17064,-1,155467.4975,138792.9786,1.75595636e+16,292797275750307725312.000000,5.000000,19,1
17050,17107,-1,142547.8525,123126.1377,1.686006112e+16,327451298489627901952.000000,5.000000,19,1
17082,17115,-1,131827.9976,117905.4773,2.646380894e+16,368442917094671187968.000000,5.000000,19,1
17117,17131,-1,117855.065,117855.065,2.948453618e+16,-0.000000,-0.000000,19,0
17108,17145,-1,122634.3651,110347.5898,3.371804968e+16,414286098883218898944.000000,5.000000,19,1
17139,17197,-1,112426.8268,94863.50221,3.448136478e+16,605607401581687209984.000000,6.499773,19,1
17148,17197,-1,109477.282,94643.29031,4.388321796e+16,650963291049436643328.000000,6.213045,19,1
17293,17293,-1,91166.04753,95466.1576,3.254744862e+16,-139957611617696153600.000000,-1.000000,19,-1
17491,17498,1,103309.7669,101320.4909,2.735443335e+16,-54415519396960354304.000000,-1.000000,19,-1
